Repebody 1,Repebody 2,Epibin Score
A4DF,A4DF,0.0
A4DF,B10DW,0.31189999999999996
A4DF,C6WV,0.31939999999999996
A4DW,A4DF,0.04164999999999992
A4DW,B10DW,0.3416499999999999
A4DW,C6WV,0.35275000000000006
A4EV,A4DF,0.12
A4EV,B10DW,0.45335000000000003
A4EV,C6WV,0.46415
A4EW,A4DF,0.08150000000000006
A4EW,B10DW,0.3872
A4EW,C6WV,0.41245
A4KF,A4DF,0.28045000000000003
A4KF,B10DW,0.54445
A4KF,C6WV,0.48215
A4KV,A4DF,0.29905000000000004
A4KV,B10DW,0.52335
A4KV,C6WV,0.4814
B10DF,A4DF,0.43329999999999996
B10DF,B10DW,0.11664999999999992
B10DF,C6WV,0.23795000000000002
B10DV,A4DF,0.41664999999999996
B10DV,B10DW,0.1714500000000001
B10DV,C6WV,0.35034999999999994
B10DW,A4DF,0.31189999999999996
B10DW,B10DW,0.0
B10DW,C6WV,0.18620000000000003
B10EF,A4DF,0.3524000000000001
B10EF,B10DW,0.1
B10EF,C6WV,0.20405
B10EV,A4DF,0.31905
B10EV,B10DW,0.11664999999999992
B10EV,C6WV,0.27180000000000004
B10RV,A4DF,0.46665
B10RV,B10DW,0.2
B10RV,C6WV,0.3224000000000001
C6DV,A4DF,0.44049999999999995
C6DV,B10DW,0.3038499999999999
C6DV,C6WV,0.18034999999999995
C6DW,A4DF,0.48095
C6DW,B10DW,0.3333500000000001
C6DW,C6WV,0.2224000000000001
C6WV,A4DF,0.31939999999999996
C6WV,B10DW,0.18620000000000003
C6WV,C6WV,0.0
C6WW,A4DF,0.4905
C6WW,B10DW,0.35
C6WW,C6WV,0.23849999999999993
